Mass (grams),Voltage
13.8,0.005428
29.3,0.009105
40.9,0.010054
84,0.02522
168,0.044373
292.9,0.096561
